pair_id,left_id,right_id,left,right,themes,status,relevance,comparison_type,priority,needs_detailed,visual_redgreen
ПАРА-001,D01,D02,Памятка Нейрон,Пример выгрузки Нейрон,T14,not_comparable,низкая,методический/forensic контекст,C,нет,нет
ПАРА-002,D01,D03,Памятка Нейрон,ВЦИОМ,нет содержательной темы,not_comparable,низкая,provenance/архивное сопоставление,C,нет,нет
ПАРА-003,D01,D04,Памятка Нейрон,Концепция 2026-2030,нет содержательной темы,not_comparable,низкая,provenance/архивное сопоставление,C,нет,нет
ПАРА-004,D01,D05,Памятка Нейрон,Концепция 2019-2025,нет содержательной темы,not_comparable,низкая,provenance/архивное сопоставление,C,нет,нет
ПАРА-005,D01,D06,Памятка Нейрон,109-ФЗ,нет содержательной темы,not_comparable,низкая,provenance/архивное сопоставление,C,нет,нет
ПАРА-006,D01,D07,Памятка Нейрон,План 30-р,нет содержательной темы,not_comparable,низкая,provenance/архивное сопоставление,C,нет,нет
ПАРА-007,D01,D08,Памятка Нейрон,План 4171-р,нет содержательной темы,not_comparable,низкая,provenance/архивное сопоставление,C,нет,нет
ПАРА-008,D01,D09,Памятка Нейрон,Клерк,нет содержательной темы,not_comparable,низкая,provenance/архивное сопоставление,C,нет,нет
ПАРА-009,D01,D10,Памятка Нейрон,Минэк страница,T14,not_comparable,низкая,методический/forensic контекст,C,нет,нет
ПАРА-010,D01,D11,Памятка Нейрон,115-ФЗ,нет содержательной темы,not_comparable,низкая,provenance/архивное сопоставление,C,нет,нет
ПАРА-011,D01,D12,Памятка Нейрон,НК РФ,нет содержательной темы,not_comparable,низкая,provenance/архивное сопоставление,C,нет,нет
ПАРА-012,D01,D13,Памятка Нейрон,КоАП РФ,нет содержательной темы,not_comparable,низкая,provenance/архивное сопоставление,C,нет,нет
ПАРА-013,D01,D14,Памятка Нейрон,121-ФЗ,нет содержательной темы,not_comparable,низкая,provenance/архивное сопоставление,C,нет,нет
ПАРА-014,D01,D15,Памятка Нейрон,260-ФЗ,нет содержательной темы,not_comparable,низкая,provenance/архивное сопоставление,C,нет,нет
ПАРА-015,D01,D16,Памятка Нейрон,271-ФЗ,нет содержательной темы,not_comparable,низкая,provenance/архивное сопоставление,C,нет,нет
ПАРА-016,D01,D17,Памятка Нейрон,Указ №467,нет содержательной темы,not_comparable,низкая,provenance/архивное сопоставление,C,нет,нет
ПАРА-017,D01,D18,Памятка Нейрон,Брошюра Минэка ВНЖ,T14,not_comparable,низкая,методический/forensic контекст,C,нет,нет
ПАРА-018,D01,D19,Памятка Нейрон,114-ФЗ,нет содержательной темы,not_comparable,низкая,provenance/архивное сопоставление,C,нет,нет
ПАРА-019,D01,D20,Памятка Нейрон,ПП №2573,нет содержательной темы,not_comparable,низкая,provenance/архивное сопоставление,C,нет,нет
ПАРА-020,D01,D21,Памятка Нейрон,ПП №1510,нет содержательной темы,not_comparable,низкая,provenance/архивное сопоставление,C,нет,нет
ПАРА-021,D01,D22,Памятка Нейрон,ПП №1562,нет содержательной темы,not_comparable,низкая,provenance/архивное сопоставление,C,нет,нет
ПАРА-022,D01,D23,Памятка Нейрон,ПП №468,нет содержательной темы,not_comparable,низкая,provenance/архивное сопоставление,C,нет,нет
ПАРА-023,D01,D24,Памятка Нейрон,270-ФЗ,нет содержательной темы,not_comparable,низкая,provenance/архивное сопоставление,C,нет,нет
ПАРА-024,D01,D25,Памятка Нейрон,281-ФЗ,нет содержательной темы,not_comparable,низкая,provenance/архивное сопоставление,C,нет,нет
ПАРА-025,D01,D26,Памятка Нейрон,Договор ЕАЭС ст. 96-98,нет содержательной темы,not_comparable,низкая,provenance/архивное сопоставление,C,нет,нет
ПАРА-026,D02,D03,Пример выгрузки Нейрон,ВЦИОМ,нет содержательной темы,not_comparable,низкая,provenance/архивное сопоставление,C,нет,нет
ПАРА-027,D02,D04,Пример выгрузки Нейрон,Концепция 2026-2030,нет содержательной темы,not_comparable,низкая,provenance/архивное сопоставление,C,нет,нет
ПАРА-028,D02,D05,Пример выгрузки Нейрон,Концепция 2019-2025,нет содержательной темы,not_comparable,низкая,provenance/архивное сопоставление,C,нет,нет
ПАРА-029,D02,D06,Пример выгрузки Нейрон,109-ФЗ,нет содержательной темы,not_comparable,низкая,provenance/архивное сопоставление,C,нет,нет
ПАРА-030,D02,D07,Пример выгрузки Нейрон,План 30-р,нет содержательной темы,not_comparable,низкая,provenance/архивное сопоставление,C,нет,нет
ПАРА-031,D02,D08,Пример выгрузки Нейрон,План 4171-р,нет содержательной темы,not_comparable,низкая,provenance/архивное сопоставление,C,нет,нет
ПАРА-032,D02,D09,Пример выгрузки Нейрон,Клерк,нет содержательной темы,not_comparable,низкая,provenance/архивное сопоставление,C,нет,нет
ПАРА-033,D02,D10,Пример выгрузки Нейрон,Минэк страница,T14,not_comparable,низкая,методический/forensic контекст,C,нет,нет
ПАРА-034,D02,D11,Пример выгрузки Нейрон,115-ФЗ,нет содержательной темы,not_comparable,низкая,provenance/архивное сопоставление,C,нет,нет
ПАРА-035,D02,D12,Пример выгрузки Нейрон,НК РФ,нет содержательной темы,not_comparable,низкая,provenance/архивное сопоставление,C,нет,нет
ПАРА-036,D02,D13,Пример выгрузки Нейрон,КоАП РФ,нет содержательной темы,not_comparable,низкая,provenance/архивное сопоставление,C,нет,нет
ПАРА-037,D02,D14,Пример выгрузки Нейрон,121-ФЗ,нет содержательной темы,not_comparable,низкая,provenance/архивное сопоставление,C,нет,нет
ПАРА-038,D02,D15,Пример выгрузки Нейрон,260-ФЗ,нет содержательной темы,not_comparable,низкая,provenance/архивное сопоставление,C,нет,нет
ПАРА-039,D02,D16,Пример выгрузки Нейрон,271-ФЗ,нет содержательной темы,not_comparable,низкая,provenance/архивное сопоставление,C,нет,нет
ПАРА-040,D02,D17,Пример выгрузки Нейрон,Указ №467,нет содержательной темы,not_comparable,низкая,provenance/архивное сопоставление,C,нет,нет
ПАРА-041,D02,D18,Пример выгрузки Нейрон,Брошюра Минэка ВНЖ,T14,not_comparable,низкая,методический/forensic контекст,C,нет,нет
ПАРА-042,D02,D19,Пример выгрузки Нейрон,114-ФЗ,нет содержательной темы,not_comparable,низкая,provenance/архивное сопоставление,C,нет,нет
ПАРА-043,D02,D20,Пример выгрузки Нейрон,ПП №2573,нет содержательной темы,not_comparable,низкая,provenance/архивное сопоставление,C,нет,нет
ПАРА-044,D02,D21,Пример выгрузки Нейрон,ПП №1510,нет содержательной темы,not_comparable,низкая,provenance/архивное сопоставление,C,нет,нет
ПАРА-045,D02,D22,Пример выгрузки Нейрон,ПП №1562,нет содержательной темы,not_comparable,низкая,provenance/архивное сопоставление,C,нет,нет
ПАРА-046,D02,D23,Пример выгрузки Нейрон,ПП №468,нет содержательной темы,not_comparable,низкая,provenance/архивное сопоставление,C,нет,нет
ПАРА-047,D02,D24,Пример выгрузки Нейрон,270-ФЗ,нет содержательной темы,not_comparable,низкая,provenance/архивное сопоставление,C,нет,нет
ПАРА-048,D02,D25,Пример выгрузки Нейрон,281-ФЗ,нет содержательной темы,not_comparable,низкая,provenance/архивное сопоставление,C,нет,нет
ПАРА-049,D02,D26,Пример выгрузки Нейрон,Договор ЕАЭС ст. 96-98,нет содержательной темы,not_comparable,низкая,provenance/архивное сопоставление,C,нет,нет
ПАРА-050,D03,D04,ВЦИОМ,Концепция 2026-2030,"T11, T12, T13",partial_overlap,высокая,интегральное тематическое сопоставление,A,да,да
ПАРА-051,D03,D05,ВЦИОМ,Концепция 2019-2025,T11,partial_overlap,средняя,тематическое сопоставление,B,нет,нет
ПАРА-052,D03,D06,ВЦИОМ,109-ФЗ,T08,partial_overlap,средняя,тематическое сопоставление,B,нет,нет
ПАРА-053,D03,D07,ВЦИОМ,План 30-р,T11,partial_overlap,средняя,тематическое сопоставление,B,нет,нет
ПАРА-054,D03,D08,ВЦИОМ,План 4171-р,"T11, T12, T13",partial_overlap,высокая,интегральное тематическое сопоставление,A,да,да
ПАРА-055,D03,D09,ВЦИОМ,Клерк,T08,partial_overlap,средняя,тематическое сопоставление,B,нет,нет
ПАРА-056,D03,D10,ВЦИОМ,Минэк страница,нет содержательной темы,not_comparable,низкая,provenance/архивное сопоставление,C,нет,нет
ПАРА-057,D03,D11,ВЦИОМ,115-ФЗ,"T08, T12",partial_overlap,высокая,интегральное тематическое сопоставление,A,да,нет
ПАРА-058,D03,D12,ВЦИОМ,НК РФ,нет содержательной темы,not_comparable,низкая,provenance/архивное сопоставление,C,нет,нет
ПАРА-059,D03,D13,ВЦИОМ,КоАП РФ,нет содержательной темы,not_comparable,низкая,provenance/архивное сопоставление,C,нет,нет
ПАРА-060,D03,D14,ВЦИОМ,121-ФЗ,нет содержательной темы,not_comparable,низкая,provenance/архивное сопоставление,C,нет,нет
ПАРА-061,D03,D15,ВЦИОМ,260-ФЗ,T08,partial_overlap,средняя,тематическое сопоставление,B,нет,нет
ПАРА-062,D03,D16,ВЦИОМ,271-ФЗ,нет содержательной темы,not_comparable,низкая,provenance/архивное сопоставление,C,нет,нет
ПАРА-063,D03,D17,ВЦИОМ,Указ №467,нет содержательной темы,not_comparable,низкая,provenance/архивное сопоставление,C,нет,нет
ПАРА-064,D03,D18,ВЦИОМ,Брошюра Минэка ВНЖ,нет содержательной темы,not_comparable,низкая,provenance/архивное сопоставление,C,нет,нет
ПАРА-065,D03,D19,ВЦИОМ,114-ФЗ,нет содержательной темы,not_comparable,низкая,provenance/архивное сопоставление,C,нет,нет
ПАРА-066,D03,D20,ВЦИОМ,ПП №2573,нет содержательной темы,not_comparable,низкая,provenance/архивное сопоставление,C,нет,нет
ПАРА-067,D03,D21,ВЦИОМ,ПП №1510,нет содержательной темы,not_comparable,низкая,provenance/архивное сопоставление,C,нет,нет
ПАРА-068,D03,D22,ВЦИОМ,ПП №1562,нет содержательной темы,not_comparable,низкая,provenance/архивное сопоставление,C,нет,нет
ПАРА-069,D03,D23,ВЦИОМ,ПП №468,нет содержательной темы,not_comparable,низкая,provenance/архивное сопоставление,C,нет,нет
ПАРА-070,D03,D24,ВЦИОМ,270-ФЗ,нет содержательной темы,not_comparable,низкая,provenance/архивное сопоставление,C,нет,нет
ПАРА-071,D03,D25,ВЦИОМ,281-ФЗ,нет содержательной темы,not_comparable,низкая,provenance/архивное сопоставление,C,нет,нет
ПАРА-072,D03,D26,ВЦИОМ,Договор ЕАЭС ст. 96-98,нет содержательной темы,not_comparable,низкая,provenance/архивное сопоставление,C,нет,нет
ПАРА-073,D04,D05,Концепция 2026-2030,Концепция 2019-2025,T11,partial_overlap,средняя,тематическое сопоставление,B,нет,нет
ПАРА-074,D04,D06,Концепция 2026-2030,109-ФЗ,нет содержательной темы,not_comparable,низкая,provenance/архивное сопоставление,C,нет,нет
ПАРА-075,D04,D07,Концепция 2026-2030,План 30-р,T11,partial_overlap,средняя,тематическое сопоставление,B,нет,нет
ПАРА-076,D04,D08,Концепция 2026-2030,План 4171-р,"T11, T12, T13",partial_overlap,высокая,интегральное тематическое сопоставление,A,да,да
ПАРА-077,D04,D09,Концепция 2026-2030,Клерк,нет содержательной темы,not_comparable,низкая,provenance/архивное сопоставление,C,нет,нет
ПАРА-078,D04,D10,Концепция 2026-2030,Минэк страница,нет содержательной темы,not_comparable,низкая,provenance/архивное сопоставление,C,нет,нет
ПАРА-079,D04,D11,Концепция 2026-2030,115-ФЗ,T12,partial_overlap,средняя,тематическое сопоставление,B,нет,нет
ПАРА-080,D04,D12,Концепция 2026-2030,НК РФ,нет содержательной темы,not_comparable,низкая,provenance/архивное сопоставление,C,нет,нет
ПАРА-081,D04,D13,Концепция 2026-2030,КоАП РФ,нет содержательной темы,not_comparable,низкая,provenance/архивное сопоставление,C,нет,нет
ПАРА-082,D04,D14,Концепция 2026-2030,121-ФЗ,нет содержательной темы,not_comparable,низкая,provenance/архивное сопоставление,C,нет,нет
ПАРА-083,D04,D15,Концепция 2026-2030,260-ФЗ,нет содержательной темы,not_comparable,низкая,provenance/архивное сопоставление,C,нет,нет
ПАРА-084,D04,D16,Концепция 2026-2030,271-ФЗ,нет содержательной темы,not_comparable,низкая,provenance/архивное сопоставление,C,нет,нет
ПАРА-085,D04,D17,Концепция 2026-2030,Указ №467,нет содержательной темы,not_comparable,низкая,provenance/архивное сопоставление,C,нет,нет
ПАРА-086,D04,D18,Концепция 2026-2030,Брошюра Минэка ВНЖ,нет содержательной темы,not_comparable,низкая,provenance/архивное сопоставление,C,нет,нет
ПАРА-087,D04,D19,Концепция 2026-2030,114-ФЗ,нет содержательной темы,not_comparable,низкая,provenance/архивное сопоставление,C,нет,нет
ПАРА-088,D04,D20,Концепция 2026-2030,ПП №2573,нет содержательной темы,not_comparable,низкая,provenance/архивное сопоставление,C,нет,нет
ПАРА-089,D04,D21,Концепция 2026-2030,ПП №1510,нет содержательной темы,not_comparable,низкая,provenance/архивное сопоставление,C,нет,нет
ПАРА-090,D04,D22,Концепция 2026-2030,ПП №1562,нет содержательной темы,not_comparable,низкая,provenance/архивное сопоставление,C,нет,нет
ПАРА-091,D04,D23,Концепция 2026-2030,ПП №468,нет содержательной темы,not_comparable,низкая,provenance/архивное сопоставление,C,нет,нет
ПАРА-092,D04,D24,Концепция 2026-2030,270-ФЗ,нет содержательной темы,not_comparable,низкая,provenance/архивное сопоставление,C,нет,нет
ПАРА-093,D04,D25,Концепция 2026-2030,281-ФЗ,нет содержательной темы,not_comparable,низкая,provenance/архивное сопоставление,C,нет,нет
ПАРА-094,D04,D26,Концепция 2026-2030,Договор ЕАЭС ст. 96-98,нет содержательной темы,not_comparable,низкая,provenance/архивное сопоставление,C,нет,нет
ПАРА-095,D05,D06,Концепция 2019-2025,109-ФЗ,нет содержательной темы,not_comparable,низкая,provenance/архивное сопоставление,C,нет,нет
ПАРА-096,D05,D07,Концепция 2019-2025,План 30-р,T11,partial_overlap,средняя,тематическое сопоставление,B,нет,нет
ПАРА-097,D05,D08,Концепция 2019-2025,План 4171-р,T11,partial_overlap,средняя,тематическое сопоставление,B,нет,нет
ПАРА-098,D05,D09,Концепция 2019-2025,Клерк,нет содержательной темы,not_comparable,низкая,provenance/архивное сопоставление,C,нет,нет
ПАРА-099,D05,D10,Концепция 2019-2025,Минэк страница,нет содержательной темы,not_comparable,низкая,provenance/архивное сопоставление,C,нет,нет
ПАРА-100,D05,D11,Концепция 2019-2025,115-ФЗ,нет содержательной темы,not_comparable,низкая,provenance/архивное сопоставление,C,нет,нет
ПАРА-101,D05,D12,Концепция 2019-2025,НК РФ,нет содержательной темы,not_comparable,низкая,provenance/архивное сопоставление,C,нет,нет
ПАРА-102,D05,D13,Концепция 2019-2025,КоАП РФ,нет содержательной темы,not_comparable,низкая,provenance/архивное сопоставление,C,нет,нет
ПАРА-103,D05,D14,Концепция 2019-2025,121-ФЗ,нет содержательной темы,not_comparable,низкая,provenance/архивное сопоставление,C,нет,нет
ПАРА-104,D05,D15,Концепция 2019-2025,260-ФЗ,нет содержательной темы,not_comparable,низкая,provenance/архивное сопоставление,C,нет,нет
ПАРА-105,D05,D16,Концепция 2019-2025,271-ФЗ,нет содержательной темы,not_comparable,низкая,provenance/архивное сопоставление,C,нет,нет
ПАРА-106,D05,D17,Концепция 2019-2025,Указ №467,нет содержательной темы,not_comparable,низкая,provenance/архивное сопоставление,C,нет,нет
ПАРА-107,D05,D18,Концепция 2019-2025,Брошюра Минэка ВНЖ,нет содержательной темы,not_comparable,низкая,provenance/архивное сопоставление,C,нет,нет
ПАРА-108,D05,D19,Концепция 2019-2025,114-ФЗ,нет содержательной темы,not_comparable,низкая,provenance/архивное сопоставление,C,нет,нет
ПАРА-109,D05,D20,Концепция 2019-2025,ПП №2573,нет содержательной темы,not_comparable,низкая,provenance/архивное сопоставление,C,нет,нет
ПАРА-110,D05,D21,Концепция 2019-2025,ПП №1510,нет содержательной темы,not_comparable,низкая,provenance/архивное сопоставление,C,нет,нет
ПАРА-111,D05,D22,Концепция 2019-2025,ПП №1562,нет содержательной темы,not_comparable,низкая,provenance/архивное сопоставление,C,нет,нет
ПАРА-112,D05,D23,Концепция 2019-2025,ПП №468,нет содержательной темы,not_comparable,низкая,provenance/архивное сопоставление,C,нет,нет
ПАРА-113,D05,D24,Концепция 2019-2025,270-ФЗ,нет содержательной темы,not_comparable,низкая,provenance/архивное сопоставление,C,нет,нет
ПАРА-114,D05,D25,Концепция 2019-2025,281-ФЗ,нет содержательной темы,not_comparable,низкая,provenance/архивное сопоставление,C,нет,нет
ПАРА-115,D05,D26,Концепция 2019-2025,Договор ЕАЭС ст. 96-98,нет содержательной темы,not_comparable,низкая,provenance/архивное сопоставление,C,нет,нет
ПАРА-116,D06,D07,109-ФЗ,План 30-р,нет содержательной темы,not_comparable,низкая,provenance/архивное сопоставление,C,нет,нет
ПАРА-117,D06,D08,109-ФЗ,План 4171-р,нет содержательной темы,not_comparable,низкая,provenance/архивное сопоставление,C,нет,нет
ПАРА-118,D06,D09,109-ФЗ,Клерк,"T03, T08",partial_overlap,высокая,интегральное тематическое сопоставление,A,да,нет
ПАРА-119,D06,D10,109-ФЗ,Минэк страница,T03,partial_overlap,средняя,тематическое сопоставление,B,нет,нет
ПАРА-120,D06,D11,109-ФЗ,115-ФЗ,T08,partial_overlap,средняя,тематическое сопоставление,B,нет,нет
ПАРА-121,D06,D12,109-ФЗ,НК РФ,нет содержательной темы,not_comparable,низкая,provenance/архивное сопоставление,C,нет,нет
ПАРА-122,D06,D13,109-ФЗ,КоАП РФ,нет содержательной темы,not_comparable,низкая,provenance/архивное сопоставление,C,нет,нет
ПАРА-123,D06,D14,109-ФЗ,121-ФЗ,T03,partial_overlap,средняя,тематическое сопоставление,B,нет,нет
ПАРА-124,D06,D15,109-ФЗ,260-ФЗ,T08,partial_overlap,средняя,тематическое сопоставление,B,нет,нет
ПАРА-125,D06,D16,109-ФЗ,271-ФЗ,нет содержательной темы,not_comparable,низкая,provenance/архивное сопоставление,C,нет,нет
ПАРА-126,D06,D17,109-ФЗ,Указ №467,нет содержательной темы,not_comparable,низкая,provenance/архивное сопоставление,C,нет,нет
ПАРА-127,D06,D18,109-ФЗ,Брошюра Минэка ВНЖ,нет содержательной темы,not_comparable,низкая,provenance/архивное сопоставление,C,нет,нет
ПАРА-128,D06,D19,109-ФЗ,114-ФЗ,нет содержательной темы,not_comparable,низкая,provenance/архивное сопоставление,C,нет,нет
ПАРА-129,D06,D20,109-ФЗ,ПП №2573,нет содержательной темы,not_comparable,низкая,provenance/архивное сопоставление,C,нет,нет
ПАРА-130,D06,D21,109-ФЗ,ПП №1510,нет содержательной темы,not_comparable,низкая,provenance/архивное сопоставление,C,нет,нет
ПАРА-131,D06,D22,109-ФЗ,ПП №1562,нет содержательной темы,not_comparable,низкая,provenance/архивное сопоставление,C,нет,нет
ПАРА-132,D06,D23,109-ФЗ,ПП №468,нет содержательной темы,not_comparable,низкая,provenance/архивное сопоставление,C,нет,нет
ПАРА-133,D06,D24,109-ФЗ,270-ФЗ,T03,partial_overlap,средняя,тематическое сопоставление,B,нет,нет
ПАРА-134,D06,D25,109-ФЗ,281-ФЗ,нет содержательной темы,not_comparable,низкая,provenance/архивное сопоставление,C,нет,нет
ПАРА-135,D06,D26,109-ФЗ,Договор ЕАЭС ст. 96-98,нет содержательной темы,not_comparable,низкая,provenance/архивное сопоставление,C,нет,нет
ПАРА-136,D07,D08,План 30-р,План 4171-р,T11,partial_overlap,средняя,тематическое сопоставление,B,нет,нет
ПАРА-137,D07,D09,План 30-р,Клерк,нет содержательной темы,not_comparable,низкая,provenance/архивное сопоставление,C,нет,нет
ПАРА-138,D07,D10,План 30-р,Минэк страница,нет содержательной темы,not_comparable,низкая,provenance/архивное сопоставление,C,нет,нет
ПАРА-139,D07,D11,План 30-р,115-ФЗ,нет содержательной темы,not_comparable,низкая,provenance/архивное сопоставление,C,нет,нет
ПАРА-140,D07,D12,План 30-р,НК РФ,нет содержательной темы,not_comparable,низкая,provenance/архивное сопоставление,C,нет,нет
ПАРА-141,D07,D13,План 30-р,КоАП РФ,нет содержательной темы,not_comparable,низкая,provenance/архивное сопоставление,C,нет,нет
ПАРА-142,D07,D14,План 30-р,121-ФЗ,нет содержательной темы,not_comparable,низкая,provenance/архивное сопоставление,C,нет,нет
ПАРА-143,D07,D15,План 30-р,260-ФЗ,нет содержательной темы,not_comparable,низкая,provenance/архивное сопоставление,C,нет,нет
ПАРА-144,D07,D16,План 30-р,271-ФЗ,нет содержательной темы,not_comparable,низкая,provenance/архивное сопоставление,C,нет,нет
ПАРА-145,D07,D17,План 30-р,Указ №467,нет содержательной темы,not_comparable,низкая,provenance/архивное сопоставление,C,нет,нет
ПАРА-146,D07,D18,План 30-р,Брошюра Минэка ВНЖ,нет содержательной темы,not_comparable,низкая,provenance/архивное сопоставление,C,нет,нет
ПАРА-147,D07,D19,План 30-р,114-ФЗ,нет содержательной темы,not_comparable,низкая,provenance/архивное сопоставление,C,нет,нет
ПАРА-148,D07,D20,План 30-р,ПП №2573,нет содержательной темы,not_comparable,низкая,provenance/архивное сопоставление,C,нет,нет
ПАРА-149,D07,D21,План 30-р,ПП №1510,нет содержательной темы,not_comparable,низкая,provenance/архивное сопоставление,C,нет,нет
ПАРА-150,D07,D22,План 30-р,ПП №1562,нет содержательной темы,not_comparable,низкая,provenance/архивное сопоставление,C,нет,нет
ПАРА-151,D07,D23,План 30-р,ПП №468,нет содержательной темы,not_comparable,низкая,provenance/архивное сопоставление,C,нет,нет
ПАРА-152,D07,D24,План 30-р,270-ФЗ,нет содержательной темы,not_comparable,низкая,provenance/архивное сопоставление,C,нет,нет
ПАРА-153,D07,D25,План 30-р,281-ФЗ,нет содержательной темы,not_comparable,низкая,provenance/архивное сопоставление,C,нет,нет
ПАРА-154,D07,D26,План 30-р,Договор ЕАЭС ст. 96-98,нет содержательной темы,not_comparable,низкая,provenance/архивное сопоставление,C,нет,нет
ПАРА-155,D08,D09,План 4171-р,Клерк,нет содержательной темы,not_comparable,низкая,provenance/архивное сопоставление,C,нет,нет
ПАРА-156,D08,D10,План 4171-р,Минэк страница,нет содержательной темы,not_comparable,низкая,provenance/архивное сопоставление,C,нет,нет
ПАРА-157,D08,D11,План 4171-р,115-ФЗ,T12,partial_overlap,средняя,тематическое сопоставление,B,нет,нет
ПАРА-158,D08,D12,План 4171-р,НК РФ,нет содержательной темы,not_comparable,низкая,provenance/архивное сопоставление,C,нет,нет
ПАРА-159,D08,D13,План 4171-р,КоАП РФ,нет содержательной темы,not_comparable,низкая,provenance/архивное сопоставление,C,нет,нет
ПАРА-160,D08,D14,План 4171-р,121-ФЗ,нет содержательной темы,not_comparable,низкая,provenance/архивное сопоставление,C,нет,нет
ПАРА-161,D08,D15,План 4171-р,260-ФЗ,нет содержательной темы,not_comparable,низкая,provenance/архивное сопоставление,C,нет,нет
ПАРА-162,D08,D16,План 4171-р,271-ФЗ,нет содержательной темы,not_comparable,низкая,provenance/архивное сопоставление,C,нет,нет
ПАРА-163,D08,D17,План 4171-р,Указ №467,нет содержательной темы,not_comparable,низкая,provenance/архивное сопоставление,C,нет,нет
ПАРА-164,D08,D18,План 4171-р,Брошюра Минэка ВНЖ,нет содержательной темы,not_comparable,низкая,provenance/архивное сопоставление,C,нет,нет
ПАРА-165,D08,D19,План 4171-р,114-ФЗ,нет содержательной темы,not_comparable,низкая,provenance/архивное сопоставление,C,нет,нет
ПАРА-166,D08,D20,План 4171-р,ПП №2573,нет содержательной темы,not_comparable,низкая,provenance/архивное сопоставление,C,нет,нет
ПАРА-167,D08,D21,План 4171-р,ПП №1510,нет содержательной темы,not_comparable,низкая,provenance/архивное сопоставление,C,нет,нет
ПАРА-168,D08,D22,План 4171-р,ПП №1562,нет содержательной темы,not_comparable,низкая,provenance/архивное сопоставление,C,нет,нет
ПАРА-169,D08,D23,План 4171-р,ПП №468,нет содержательной темы,not_comparable,низкая,provenance/архивное сопоставление,C,нет,нет
ПАРА-170,D08,D24,План 4171-р,270-ФЗ,нет содержательной темы,not_comparable,низкая,provenance/архивное сопоставление,C,нет,нет
ПАРА-171,D08,D25,План 4171-р,281-ФЗ,нет содержательной темы,not_comparable,низкая,provenance/архивное сопоставление,C,нет,нет
ПАРА-172,D08,D26,План 4171-р,Договор ЕАЭС ст. 96-98,нет содержательной темы,not_comparable,низкая,provenance/архивное сопоставление,C,нет,нет
ПАРА-173,D09,D10,Клерк,Минэк страница,"T02, T03, T04, T05",partial_overlap,высокая,интегральное тематическое сопоставление,A,да,да
ПАРА-174,D09,D11,Клерк,115-ФЗ,"T04, T08, T09, T10",partial_overlap,высокая,интегральное тематическое сопоставление,A,да,нет
ПАРА-175,D09,D12,Клерк,НК РФ,"T04, T09",partial_overlap,высокая,интегральное тематическое сопоставление,A,да,нет
ПАРА-176,D09,D13,Клерк,КоАП РФ,"T04, T10",partial_overlap,высокая,интегральное тематическое сопоставление,A,да,нет
ПАРА-177,D09,D14,Клерк,121-ФЗ,T03,partial_overlap,средняя,тематическое сопоставление,B,нет,нет
ПАРА-178,D09,D15,Клерк,260-ФЗ,T08,partial_overlap,средняя,тематическое сопоставление,B,нет,нет
ПАРА-179,D09,D16,Клерк,271-ФЗ,T09,partial_overlap,средняя,тематическое сопоставление,B,нет,нет
ПАРА-180,D09,D17,Клерк,Указ №467,T02,partial_overlap,средняя,тематическое сопоставление,B,нет,нет
ПАРА-181,D09,D18,Клерк,Брошюра Минэка ВНЖ,нет содержательной темы,not_comparable,низкая,provenance/архивное сопоставление,C,нет,нет
ПАРА-182,D09,D19,Клерк,114-ФЗ,"T02, T05",partial_overlap,высокая,интегральное тематическое сопоставление,A,да,нет
ПАРА-183,D09,D20,Клерк,ПП №2573,нет содержательной темы,not_comparable,низкая,provenance/архивное сопоставление,C,нет,нет
ПАРА-184,D09,D21,Клерк,ПП №1510,"T02, T05",partial_overlap,высокая,интегральное тематическое сопоставление,A,да,да
ПАРА-185,D09,D22,Клерк,ПП №1562,"T02, T05",partial_overlap,высокая,интегральное тематическое сопоставление,A,да,да
ПАРА-186,D09,D23,Клерк,ПП №468,"T02, T05",partial_overlap,высокая,интегральное тематическое сопоставление,A,да,да
ПАРА-187,D09,D24,Клерк,270-ФЗ,"T03, T04, T09",partial_overlap,высокая,интегральное тематическое сопоставление,A,да,нет
ПАРА-188,D09,D25,Клерк,281-ФЗ,T10,partial_overlap,средняя,тематическое сопоставление,B,нет,нет
ПАРА-189,D09,D26,Клерк,Договор ЕАЭС ст. 96-98,нет содержательной темы,not_comparable,низкая,provenance/архивное сопоставление,C,нет,нет
ПАРА-190,D10,D11,Минэк страница,115-ФЗ,"T01, T04, T06, T07",partial_overlap,высокая,интегральное тематическое сопоставление,A,да,нет
ПАРА-191,D10,D12,Минэк страница,НК РФ,"T04, T07",partial_overlap,высокая,интегральное тематическое сопоставление,A,да,нет
ПАРА-192,D10,D13,Минэк страница,КоАП РФ,"T04, T07",partial_overlap,высокая,интегральное тематическое сопоставление,A,да,нет
ПАРА-193,D10,D14,Минэк страница,121-ФЗ,T03,partial_overlap,средняя,тематическое сопоставление,B,нет,нет
ПАРА-194,D10,D15,Минэк страница,260-ФЗ,нет содержательной темы,not_comparable,низкая,provenance/архивное сопоставление,C,нет,нет
ПАРА-195,D10,D16,Минэк страница,271-ФЗ,нет содержательной темы,not_comparable,низкая,provenance/архивное сопоставление,C,нет,нет
ПАРА-196,D10,D17,Минэк страница,Указ №467,T02,partial_overlap,средняя,тематическое сопоставление,B,нет,нет
ПАРА-197,D10,D18,Минэк страница,Брошюра Минэка ВНЖ,"T01, T14",partial_overlap,высокая,интегральное тематическое сопоставление,A,да,да
ПАРА-198,D10,D19,Минэк страница,114-ФЗ,"T01, T02, T05, T06",partial_overlap,высокая,интегральное тематическое сопоставление,A,да,нет
ПАРА-199,D10,D20,Минэк страница,ПП №2573,T01,partial_overlap,средняя,тематическое сопоставление,B,нет,нет
ПАРА-200,D10,D21,Минэк страница,ПП №1510,"T02, T05",partial_overlap,высокая,интегральное тематическое сопоставление,A,да,да
ПАРА-201,D10,D22,Минэк страница,ПП №1562,"T02, T05",partial_overlap,высокая,интегральное тематическое сопоставление,A,да,да
ПАРА-202,D10,D23,Минэк страница,ПП №468,"T02, T05",partial_overlap,высокая,интегральное тематическое сопоставление,A,да,да
ПАРА-203,D10,D24,Минэк страница,270-ФЗ,"T03, T04",partial_overlap,высокая,интегральное тематическое сопоставление,A,да,нет
ПАРА-204,D10,D25,Минэк страница,281-ФЗ,нет содержательной темы,not_comparable,низкая,provenance/архивное сопоставление,C,нет,нет
ПАРА-205,D10,D26,Минэк страница,Договор ЕАЭС ст. 96-98,T06,partial_overlap,средняя,тематическое сопоставление,B,нет,нет
ПАРА-206,D11,D12,115-ФЗ,НК РФ,"T04, T07, T09",partial_overlap,высокая,интегральное тематическое сопоставление,A,да,нет
ПАРА-207,D11,D13,115-ФЗ,КоАП РФ,"T04, T07, T10",partial_overlap,высокая,интегральное тематическое сопоставление,A,да,нет
ПАРА-208,D11,D14,115-ФЗ,121-ФЗ,нет содержательной темы,not_comparable,низкая,provenance/архивное сопоставление,C,нет,нет
ПАРА-209,D11,D15,115-ФЗ,260-ФЗ,T08,partial_overlap,средняя,тематическое сопоставление,B,нет,нет
ПАРА-210,D11,D16,115-ФЗ,271-ФЗ,T09,partial_overlap,средняя,тематическое сопоставление,B,нет,нет
ПАРА-211,D11,D17,115-ФЗ,Указ №467,нет содержательной темы,not_comparable,низкая,provenance/архивное сопоставление,C,нет,нет
ПАРА-212,D11,D18,115-ФЗ,Брошюра Минэка ВНЖ,T01,partial_overlap,средняя,тематическое сопоставление,B,нет,нет
ПАРА-213,D11,D19,115-ФЗ,114-ФЗ,"T01, T06",partial_overlap,высокая,интегральное тематическое сопоставление,A,да,нет
ПАРА-214,D11,D20,115-ФЗ,ПП №2573,T01,partial_overlap,средняя,тематическое сопоставление,B,нет,нет
ПАРА-215,D11,D21,115-ФЗ,ПП №1510,нет содержательной темы,not_comparable,низкая,provenance/архивное сопоставление,C,нет,нет
ПАРА-216,D11,D22,115-ФЗ,ПП №1562,нет содержательной темы,not_comparable,низкая,provenance/архивное сопоставление,C,нет,нет
ПАРА-217,D11,D23,115-ФЗ,ПП №468,нет содержательной темы,not_comparable,низкая,provenance/архивное сопоставление,C,нет,нет
ПАРА-218,D11,D24,115-ФЗ,270-ФЗ,"T04, T09",partial_overlap,высокая,интегральное тематическое сопоставление,A,да,нет
ПАРА-219,D11,D25,115-ФЗ,281-ФЗ,T10,partial_overlap,средняя,тематическое сопоставление,B,нет,нет
ПАРА-220,D11,D26,115-ФЗ,Договор ЕАЭС ст. 96-98,T06,partial_overlap,средняя,тематическое сопоставление,B,нет,нет
ПАРА-221,D12,D13,НК РФ,КоАП РФ,"T04, T07",partial_overlap,высокая,интегральное тематическое сопоставление,A,да,нет
ПАРА-222,D12,D14,НК РФ,121-ФЗ,нет содержательной темы,not_comparable,низкая,provenance/архивное сопоставление,C,нет,нет
ПАРА-223,D12,D15,НК РФ,260-ФЗ,нет содержательной темы,not_comparable,низкая,provenance/архивное сопоставление,C,нет,нет
ПАРА-224,D12,D16,НК РФ,271-ФЗ,T09,partial_overlap,средняя,тематическое сопоставление,B,нет,нет
ПАРА-225,D12,D17,НК РФ,Указ №467,нет содержательной темы,not_comparable,низкая,provenance/архивное сопоставление,C,нет,нет
ПАРА-226,D12,D18,НК РФ,Брошюра Минэка ВНЖ,нет содержательной темы,not_comparable,низкая,provenance/архивное сопоставление,C,нет,нет
ПАРА-227,D12,D19,НК РФ,114-ФЗ,нет содержательной темы,not_comparable,низкая,provenance/архивное сопоставление,C,нет,нет
ПАРА-228,D12,D20,НК РФ,ПП №2573,нет содержательной темы,not_comparable,низкая,provenance/архивное сопоставление,C,нет,нет
ПАРА-229,D12,D21,НК РФ,ПП №1510,нет содержательной темы,not_comparable,низкая,provenance/архивное сопоставление,C,нет,нет
ПАРА-230,D12,D22,НК РФ,ПП №1562,нет содержательной темы,not_comparable,низкая,provenance/архивное сопоставление,C,нет,нет
ПАРА-231,D12,D23,НК РФ,ПП №468,нет содержательной темы,not_comparable,низкая,provenance/архивное сопоставление,C,нет,нет
ПАРА-232,D12,D24,НК РФ,270-ФЗ,"T04, T09",partial_overlap,высокая,интегральное тематическое сопоставление,A,да,нет
ПАРА-233,D12,D25,НК РФ,281-ФЗ,нет содержательной темы,not_comparable,низкая,provenance/архивное сопоставление,C,нет,нет
ПАРА-234,D12,D26,НК РФ,Договор ЕАЭС ст. 96-98,нет содержательной темы,not_comparable,низкая,provenance/архивное сопоставление,C,нет,нет
ПАРА-235,D13,D14,КоАП РФ,121-ФЗ,нет содержательной темы,not_comparable,низкая,provenance/архивное сопоставление,C,нет,нет
ПАРА-236,D13,D15,КоАП РФ,260-ФЗ,нет содержательной темы,not_comparable,низкая,provenance/архивное сопоставление,C,нет,нет
ПАРА-237,D13,D16,КоАП РФ,271-ФЗ,нет содержательной темы,not_comparable,низкая,provenance/архивное сопоставление,C,нет,нет
ПАРА-238,D13,D17,КоАП РФ,Указ №467,нет содержательной темы,not_comparable,низкая,provenance/архивное сопоставление,C,нет,нет
ПАРА-239,D13,D18,КоАП РФ,Брошюра Минэка ВНЖ,нет содержательной темы,not_comparable,низкая,provenance/архивное сопоставление,C,нет,нет
ПАРА-240,D13,D19,КоАП РФ,114-ФЗ,нет содержательной темы,not_comparable,низкая,provenance/архивное сопоставление,C,нет,нет
ПАРА-241,D13,D20,КоАП РФ,ПП №2573,нет содержательной темы,not_comparable,низкая,provenance/архивное сопоставление,C,нет,нет
ПАРА-242,D13,D21,КоАП РФ,ПП №1510,нет содержательной темы,not_comparable,низкая,provenance/архивное сопоставление,C,нет,нет
ПАРА-243,D13,D22,КоАП РФ,ПП №1562,нет содержательной темы,not_comparable,низкая,provenance/архивное сопоставление,C,нет,нет
ПАРА-244,D13,D23,КоАП РФ,ПП №468,нет содержательной темы,not_comparable,низкая,provenance/архивное сопоставление,C,нет,нет
ПАРА-245,D13,D24,КоАП РФ,270-ФЗ,T04,partial_overlap,средняя,тематическое сопоставление,B,нет,нет
ПАРА-246,D13,D25,КоАП РФ,281-ФЗ,T10,partial_overlap,средняя,тематическое сопоставление,B,нет,нет
ПАРА-247,D13,D26,КоАП РФ,Договор ЕАЭС ст. 96-98,нет содержательной темы,not_comparable,низкая,provenance/архивное сопоставление,C,нет,нет
ПАРА-248,D14,D15,121-ФЗ,260-ФЗ,нет содержательной темы,not_comparable,низкая,provenance/архивное сопоставление,C,нет,нет
ПАРА-249,D14,D16,121-ФЗ,271-ФЗ,нет содержательной темы,not_comparable,низкая,provenance/архивное сопоставление,C,нет,нет
ПАРА-250,D14,D17,121-ФЗ,Указ №467,нет содержательной темы,not_comparable,низкая,provenance/архивное сопоставление,C,нет,нет
ПАРА-251,D14,D18,121-ФЗ,Брошюра Минэка ВНЖ,нет содержательной темы,not_comparable,низкая,provenance/архивное сопоставление,C,нет,нет
ПАРА-252,D14,D19,121-ФЗ,114-ФЗ,нет содержательной темы,not_comparable,низкая,provenance/архивное сопоставление,C,нет,нет
ПАРА-253,D14,D20,121-ФЗ,ПП №2573,нет содержательной темы,not_comparable,низкая,provenance/архивное сопоставление,C,нет,нет
ПАРА-254,D14,D21,121-ФЗ,ПП №1510,нет содержательной темы,not_comparable,низкая,provenance/архивное сопоставление,C,нет,нет
ПАРА-255,D14,D22,121-ФЗ,ПП №1562,нет содержательной темы,not_comparable,низкая,provenance/архивное сопоставление,C,нет,нет
ПАРА-256,D14,D23,121-ФЗ,ПП №468,нет содержательной темы,not_comparable,низкая,provenance/архивное сопоставление,C,нет,нет
ПАРА-257,D14,D24,121-ФЗ,270-ФЗ,T03,partial_overlap,средняя,тематическое сопоставление,B,нет,нет
ПАРА-258,D14,D25,121-ФЗ,281-ФЗ,нет содержательной темы,not_comparable,низкая,provenance/архивное сопоставление,C,нет,нет
ПАРА-259,D14,D26,121-ФЗ,Договор ЕАЭС ст. 96-98,нет содержательной темы,not_comparable,низкая,provenance/архивное сопоставление,C,нет,нет
ПАРА-260,D15,D16,260-ФЗ,271-ФЗ,нет содержательной темы,not_comparable,низкая,provenance/архивное сопоставление,C,нет,нет
ПАРА-261,D15,D17,260-ФЗ,Указ №467,нет содержательной темы,not_comparable,низкая,provenance/архивное сопоставление,C,нет,нет
ПАРА-262,D15,D18,260-ФЗ,Брошюра Минэка ВНЖ,нет содержательной темы,not_comparable,низкая,provenance/архивное сопоставление,C,нет,нет
ПАРА-263,D15,D19,260-ФЗ,114-ФЗ,нет содержательной темы,not_comparable,низкая,provenance/архивное сопоставление,C,нет,нет
ПАРА-264,D15,D20,260-ФЗ,ПП №2573,нет содержательной темы,not_comparable,низкая,provenance/архивное сопоставление,C,нет,нет
ПАРА-265,D15,D21,260-ФЗ,ПП №1510,нет содержательной темы,not_comparable,низкая,provenance/архивное сопоставление,C,нет,нет
ПАРА-266,D15,D22,260-ФЗ,ПП №1562,нет содержательной темы,not_comparable,низкая,provenance/архивное сопоставление,C,нет,нет
ПАРА-267,D15,D23,260-ФЗ,ПП №468,нет содержательной темы,not_comparable,низкая,provenance/архивное сопоставление,C,нет,нет
ПАРА-268,D15,D24,260-ФЗ,270-ФЗ,нет содержательной темы,not_comparable,низкая,provenance/архивное сопоставление,C,нет,нет
ПАРА-269,D15,D25,260-ФЗ,281-ФЗ,нет содержательной темы,not_comparable,низкая,provenance/архивное сопоставление,C,нет,нет
ПАРА-270,D15,D26,260-ФЗ,Договор ЕАЭС ст. 96-98,нет содержательной темы,not_comparable,низкая,provenance/архивное сопоставление,C,нет,нет
ПАРА-271,D16,D17,271-ФЗ,Указ №467,нет содержательной темы,not_comparable,низкая,provenance/архивное сопоставление,C,нет,нет
ПАРА-272,D16,D18,271-ФЗ,Брошюра Минэка ВНЖ,нет содержательной темы,not_comparable,низкая,provenance/архивное сопоставление,C,нет,нет
ПАРА-273,D16,D19,271-ФЗ,114-ФЗ,нет содержательной темы,not_comparable,низкая,provenance/архивное сопоставление,C,нет,нет
ПАРА-274,D16,D20,271-ФЗ,ПП №2573,нет содержательной темы,not_comparable,низкая,provenance/архивное сопоставление,C,нет,нет
ПАРА-275,D16,D21,271-ФЗ,ПП №1510,нет содержательной темы,not_comparable,низкая,provenance/архивное сопоставление,C,нет,нет
ПАРА-276,D16,D22,271-ФЗ,ПП №1562,нет содержательной темы,not_comparable,низкая,provenance/архивное сопоставление,C,нет,нет
ПАРА-277,D16,D23,271-ФЗ,ПП №468,нет содержательной темы,not_comparable,низкая,provenance/архивное сопоставление,C,нет,нет
ПАРА-278,D16,D24,271-ФЗ,270-ФЗ,T09,partial_overlap,средняя,тематическое сопоставление,B,нет,нет
ПАРА-279,D16,D25,271-ФЗ,281-ФЗ,нет содержательной темы,not_comparable,низкая,provenance/архивное сопоставление,C,нет,нет
ПАРА-280,D16,D26,271-ФЗ,Договор ЕАЭС ст. 96-98,нет содержательной темы,not_comparable,низкая,provenance/архивное сопоставление,C,нет,нет
ПАРА-281,D17,D18,Указ №467,Брошюра Минэка ВНЖ,нет содержательной темы,not_comparable,низкая,provenance/архивное сопоставление,C,нет,нет
ПАРА-282,D17,D19,Указ №467,114-ФЗ,T02,partial_overlap,средняя,тематическое сопоставление,B,нет,нет
ПАРА-283,D17,D20,Указ №467,ПП №2573,нет содержательной темы,not_comparable,низкая,provenance/архивное сопоставление,C,нет,нет
ПАРА-284,D17,D21,Указ №467,ПП №1510,T02,partial_overlap,средняя,тематическое сопоставление,B,нет,нет
ПАРА-285,D17,D22,Указ №467,ПП №1562,T02,partial_overlap,средняя,тематическое сопоставление,B,нет,нет
ПАРА-286,D17,D23,Указ №467,ПП №468,T02,partial_overlap,средняя,тематическое сопоставление,B,нет,нет
ПАРА-287,D17,D24,Указ №467,270-ФЗ,нет содержательной темы,not_comparable,низкая,provenance/архивное сопоставление,C,нет,нет
ПАРА-288,D17,D25,Указ №467,281-ФЗ,нет содержательной темы,not_comparable,низкая,provenance/архивное сопоставление,C,нет,нет
ПАРА-289,D17,D26,Указ №467,Договор ЕАЭС ст. 96-98,нет содержательной темы,not_comparable,низкая,provenance/архивное сопоставление,C,нет,нет
ПАРА-290,D18,D19,Брошюра Минэка ВНЖ,114-ФЗ,T01,partial_overlap,средняя,тематическое сопоставление,B,нет,нет
ПАРА-291,D18,D20,Брошюра Минэка ВНЖ,ПП №2573,T01,partial_overlap,средняя,тематическое сопоставление,B,нет,нет
ПАРА-292,D18,D21,Брошюра Минэка ВНЖ,ПП №1510,нет содержательной темы,not_comparable,низкая,provenance/архивное сопоставление,C,нет,нет
ПАРА-293,D18,D22,Брошюра Минэка ВНЖ,ПП №1562,нет содержательной темы,not_comparable,низкая,provenance/архивное сопоставление,C,нет,нет
ПАРА-294,D18,D23,Брошюра Минэка ВНЖ,ПП №468,нет содержательной темы,not_comparable,низкая,provenance/архивное сопоставление,C,нет,нет
ПАРА-295,D18,D24,Брошюра Минэка ВНЖ,270-ФЗ,нет содержательной темы,not_comparable,низкая,provenance/архивное сопоставление,C,нет,нет
ПАРА-296,D18,D25,Брошюра Минэка ВНЖ,281-ФЗ,нет содержательной темы,not_comparable,низкая,provenance/архивное сопоставление,C,нет,нет
ПАРА-297,D18,D26,Брошюра Минэка ВНЖ,Договор ЕАЭС ст. 96-98,нет содержательной темы,not_comparable,низкая,provenance/архивное сопоставление,C,нет,нет
ПАРА-298,D19,D20,114-ФЗ,ПП №2573,T01,partial_overlap,средняя,тематическое сопоставление,B,нет,нет
ПАРА-299,D19,D21,114-ФЗ,ПП №1510,"T02, T05",partial_overlap,высокая,интегральное тематическое сопоставление,A,да,нет
ПАРА-300,D19,D22,114-ФЗ,ПП №1562,"T02, T05",partial_overlap,высокая,интегральное тематическое сопоставление,A,да,нет
ПАРА-301,D19,D23,114-ФЗ,ПП №468,"T02, T05",partial_overlap,высокая,интегральное тематическое сопоставление,A,да,нет
ПАРА-302,D19,D24,114-ФЗ,270-ФЗ,нет содержательной темы,not_comparable,низкая,provenance/архивное сопоставление,C,нет,нет
ПАРА-303,D19,D25,114-ФЗ,281-ФЗ,нет содержательной темы,not_comparable,низкая,provenance/архивное сопоставление,C,нет,нет
ПАРА-304,D19,D26,114-ФЗ,Договор ЕАЭС ст. 96-98,T06,partial_overlap,средняя,тематическое сопоставление,B,нет,нет
ПАРА-305,D20,D21,ПП №2573,ПП №1510,нет содержательной темы,not_comparable,низкая,provenance/архивное сопоставление,C,нет,нет
ПАРА-306,D20,D22,ПП №2573,ПП №1562,нет содержательной темы,not_comparable,низкая,provenance/архивное сопоставление,C,нет,нет
ПАРА-307,D20,D23,ПП №2573,ПП №468,нет содержательной темы,not_comparable,низкая,provenance/архивное сопоставление,C,нет,нет
ПАРА-308,D20,D24,ПП №2573,270-ФЗ,нет содержательной темы,not_comparable,низкая,provenance/архивное сопоставление,C,нет,нет
ПАРА-309,D20,D25,ПП №2573,281-ФЗ,нет содержательной темы,not_comparable,низкая,provenance/архивное сопоставление,C,нет,нет
ПАРА-310,D20,D26,ПП №2573,Договор ЕАЭС ст. 96-98,нет содержательной темы,not_comparable,низкая,provenance/архивное сопоставление,C,нет,нет
ПАРА-311,D21,D22,ПП №1510,ПП №1562,"T02, T05",partial_overlap,высокая,интегральное тематическое сопоставление,A,да,да
ПАРА-312,D21,D23,ПП №1510,ПП №468,"T02, T05",partial_overlap,высокая,интегральное тематическое сопоставление,A,да,да
ПАРА-313,D21,D24,ПП №1510,270-ФЗ,нет содержательной темы,not_comparable,низкая,provenance/архивное сопоставление,C,нет,нет
ПАРА-314,D21,D25,ПП №1510,281-ФЗ,нет содержательной темы,not_comparable,низкая,provenance/архивное сопоставление,C,нет,нет
ПАРА-315,D21,D26,ПП №1510,Договор ЕАЭС ст. 96-98,нет содержательной темы,not_comparable,низкая,provenance/архивное сопоставление,C,нет,нет
ПАРА-316,D22,D23,ПП №1562,ПП №468,"T02, T05",partial_overlap,высокая,интегральное тематическое сопоставление,A,да,да
ПАРА-317,D22,D24,ПП №1562,270-ФЗ,нет содержательной темы,not_comparable,низкая,provenance/архивное сопоставление,C,нет,нет
ПАРА-318,D22,D25,ПП №1562,281-ФЗ,нет содержательной темы,not_comparable,низкая,provenance/архивное сопоставление,C,нет,нет
ПАРА-319,D22,D26,ПП №1562,Договор ЕАЭС ст. 96-98,нет содержательной темы,not_comparable,низкая,provenance/архивное сопоставление,C,нет,нет
ПАРА-320,D23,D24,ПП №468,270-ФЗ,нет содержательной темы,not_comparable,низкая,provenance/архивное сопоставление,C,нет,нет
ПАРА-321,D23,D25,ПП №468,281-ФЗ,нет содержательной темы,not_comparable,низкая,provenance/архивное сопоставление,C,нет,нет
ПАРА-322,D23,D26,ПП №468,Договор ЕАЭС ст. 96-98,нет содержательной темы,not_comparable,низкая,provenance/архивное сопоставление,C,нет,нет
ПАРА-323,D24,D25,270-ФЗ,281-ФЗ,нет содержательной темы,not_comparable,низкая,provenance/архивное сопоставление,C,нет,нет
ПАРА-324,D24,D26,270-ФЗ,Договор ЕАЭС ст. 96-98,нет содержательной темы,not_comparable,низкая,provenance/архивное сопоставление,C,нет,нет
ПАРА-325,D25,D26,281-ФЗ,Договор ЕАЭС ст. 96-98,нет содержательной темы,not_comparable,низкая,provenance/архивное сопоставление,C,нет,нет
ПАРА-326,D01,D27,Памятка Нейрон,ПП №1375,нет содержательной темы,not_comparable,низкая,тематическое/архивное сопоставление,C,нет,нет
ПАРА-327,D02,D27,Пример выгрузки Нейрон,ПП №1375,нет содержательной темы,not_comparable,низкая,тематическое/архивное сопоставление,C,нет,нет
ПАРА-328,D03,D27,ВЦИОМ,ПП №1375,нет содержательной темы,not_comparable,низкая,тематическое/архивное сопоставление,C,нет,нет
ПАРА-329,D04,D27,Концепция 2026-2030,ПП №1375,нет содержательной темы,not_comparable,низкая,тематическое/архивное сопоставление,C,нет,нет
ПАРА-330,D05,D27,Концепция 2019-2025,ПП №1375,нет содержательной темы,not_comparable,низкая,тематическое/архивное сопоставление,C,нет,нет
ПАРА-331,D06,D27,109-ФЗ,ПП №1375,нет содержательной темы,not_comparable,низкая,тематическое/архивное сопоставление,C,нет,нет
ПАРА-332,D07,D27,План 30-р,ПП №1375,нет содержательной темы,not_comparable,низкая,тематическое/архивное сопоставление,C,нет,нет
ПАРА-333,D08,D27,План 4171-р,ПП №1375,нет содержательной темы,not_comparable,низкая,тематическое/архивное сопоставление,C,нет,нет
ПАРА-334,D09,D27,Клерк,ПП №1375,нет содержательной темы,not_comparable,низкая,тематическое/архивное сопоставление,C,нет,нет
ПАРА-335,D10,D27,Минэк страница,ПП №1375,T01,partial_overlap,средняя,тематическое/архивное сопоставление,B,нет,нет
ПАРА-336,D11,D27,115-ФЗ,ПП №1375,T01,partial_overlap,высокая,тематическое/архивное сопоставление,A,да,нет
ПАРА-337,D12,D27,НК РФ,ПП №1375,нет содержательной темы,not_comparable,низкая,тематическое/архивное сопоставление,C,нет,нет
ПАРА-338,D13,D27,КоАП РФ,ПП №1375,нет содержательной темы,not_comparable,низкая,тематическое/архивное сопоставление,C,нет,нет
ПАРА-339,D14,D27,121-ФЗ,ПП №1375,нет содержательной темы,not_comparable,низкая,тематическое/архивное сопоставление,C,нет,нет
ПАРА-340,D15,D27,260-ФЗ,ПП №1375,нет содержательной темы,not_comparable,низкая,тематическое/архивное сопоставление,C,нет,нет
ПАРА-341,D16,D27,271-ФЗ,ПП №1375,нет содержательной темы,not_comparable,низкая,тематическое/архивное сопоставление,C,нет,нет
ПАРА-342,D17,D27,Указ №467,ПП №1375,нет содержательной темы,not_comparable,низкая,тематическое/архивное сопоставление,C,нет,нет
ПАРА-343,D18,D27,Брошюра Минэка ВНЖ,ПП №1375,T01,partial_overlap,высокая,актуализация ПП2573 поправкой ПП1375,A,да,да
ПАРА-344,D19,D27,114-ФЗ,ПП №1375,T01,partial_overlap,средняя,тематическое/архивное сопоставление,B,нет,нет
ПАРА-345,D20,D27,ПП №2573,ПП №1375,T01,partial_overlap,высокая,актуализация ПП2573 поправкой ПП1375,A,да,да
ПАРА-346,D21,D27,ПП №1510,ПП №1375,нет содержательной темы,not_comparable,низкая,тематическое/архивное сопоставление,C,нет,нет
ПАРА-347,D22,D27,ПП №1562,ПП №1375,нет содержательной темы,not_comparable,низкая,тематическое/архивное сопоставление,C,нет,нет
ПАРА-348,D23,D27,ПП №468,ПП №1375,нет содержательной темы,not_comparable,низкая,тематическое/архивное сопоставление,C,нет,нет
ПАРА-349,D24,D27,270-ФЗ,ПП №1375,нет содержательной темы,not_comparable,низкая,тематическое/архивное сопоставление,C,нет,нет
ПАРА-350,D25,D27,281-ФЗ,ПП №1375,нет содержательной темы,not_comparable,низкая,тематическое/архивное сопоставление,C,нет,нет
ПАРА-351,D26,D27,Договор ЕАЭС ст. 96-98,ПП №1375,нет содержательной темы,not_comparable,низкая,тематическое/архивное сопоставление,C,нет,нет
